-- MySQL Script generated by MySQL Workbench
-- Thu Feb 18 11:00:21 2021
-- Model: New Model    Version: 1.0
-- MySQL Workbench Forward Engineering

SET @OLD_UNIQUE_CHECKS=@@UNIQUE_CHECKS, UNIQUE_CHECKS=0;
SET @OLD_FOREIGN_KEY_CHECKS=@@FOREIGN_KEY_CHECKS, FOREIGN_KEY_CHECKS=0;
SET @OLD_SQL_MODE=@@SQL_MODE, SQL_MODE='ONLY_FULL_GROUP_BY,STRICT_TRANS_TABLES,NO_ZERO_IN_DATE,NO_ZERO_DATE,ERROR_FOR_DIVISION_BY_ZERO,NO_ENGINE_SUBSTITUTION';

-- -----------------------------------------------------
-- Schema ndk16
-- -----------------------------------------------------
DROP SCHEMA IF EXISTS `ndk16` ;

-- -----------------------------------------------------
-- Schema ndk16
-- -----------------------------------------------------
CREATE SCHEMA IF NOT EXISTS `ndk16` DEFAULT CHARACTER SET utf8 ;
SHOW WARNINGS;
USE `ndk16` ;

-- -----------------------------------------------------
-- Table `ndk16`.`petstore`
-- -----------------------------------------------------
DROP TABLE IF EXISTS `ndk16`.`petstore` ;

SHOW WARNINGS;
CREATE TABLE IF NOT EXISTS `ndk16`.`petstore` (
  `pst_id` SMALLINT UNSIGNED NOT NULL AUTO_INCREMENT,
  `pst_name` VARCHAR(30) NOT NULL,
  `pst_street` VARCHAR(30) NOT NULL,
  `pst_city` VARCHAR(30) NOT NULL,
  `pst_state` CHAR(2) NOT NULL,
  `pst_zip` INT(9) UNSIGNED NOT NULL,
  `pst_phone` BIGINT UNSIGNED NOT NULL,
  `pet_email` VARCHAR(100) NOT NULL,
  `pst_url` VARCHAR(100) NOT NULL,
  `pst_ytd_sales` DECIMAL(10,2) NOT NULL,
  `pst_notes` VARCHAR(255) NULL,
  PRIMARY KEY (`pst_id`))
ENGINE = InnoDB;

SHOW WARNINGS;

-- -----------------------------------------------------
-- Table `ndk16`.`customer`
-- -----------------------------------------------------
DROP TABLE IF EXISTS `ndk16`.`customer` ;

SHOW WARNINGS;
CREATE TABLE IF NOT EXISTS `ndk16`.`customer` (
  `cus_id` SMALLINT UNSIGNED NOT NULL,
  `cus_fname` VARCHAR(15) NOT NULL,
  `cus_lname` VARCHAR(30) NOT NULL,
  `cus_street` VARCHAR(30) NOT NULL,
  `cus_city` VARCHAR(30) NOT NULL,
  `cus_state` CHAR(2) NOT NULL,
  `cus_zip` INT UNSIGNED NOT NULL,
  `cus_phone` BIGINT UNSIGNED NOT NULL,
  `cus_email` VARCHAR(100) NOT NULL,
  `cus_balance` DECIMAL(8,2) NOT NULL,
  `cus_total_sales` DECIMAL(8,2) NOT NULL,
  `cus_notes` VARCHAR(255) NULL,
  PRIMARY KEY (`cus_id`))
ENGINE = InnoDB;

SHOW WARNINGS;

-- -----------------------------------------------------
-- Table `ndk16`.`pet`
-- -----------------------------------------------------
DROP TABLE IF EXISTS `ndk16`.`pet` ;

SHOW WARNINGS;
CREATE TABLE IF NOT EXISTS `ndk16`.`pet` (
  `pet_id` SMALLINT UNSIGNED NOT NULL AUTO_INCREMENT,
  `pst_id` SMALLINT UNSIGNED NOT NULL,
  `cus_id` SMALLINT UNSIGNED NULL,
  `pet_type` VARCHAR(45) NOT NULL,
  `pet_sex` ENUM('m', 'f') NOT NULL,
  `pet_cost` DECIMAL(6,2) NOT NULL,
  `pet_price` DECIMAL(6,2) NOT NULL,
  `pet_age` TINYINT NOT NULL,
  `pet_color` VARCHAR(30) NOT NULL,
  `pet_sale_date` DATE NULL,
  `pet_vaccine` ENUM('y', 'n') NOT NULL,
  `pet_neuter` ENUM('y', 'n') NOT NULL,
  `pet_notes` VARCHAR(255) NULL,
  PRIMARY KEY (`pet_id`),
  INDEX `fk_pet_petstore_idx` (`pst_id` ASC) VISIBLE,
  INDEX `fk_pet_customer1_idx` (`cus_id` ASC) VISIBLE,
  CONSTRAINT `fk_pet_petstore`
    FOREIGN KEY (`pst_id`)
    REFERENCES `ndk16`.`petstore` (`pst_id`)
    ON DELETE CASCADE
    ON UPDATE CASCADE,
  CONSTRAINT `fk_pet_customer1`
    FOREIGN KEY (`cus_id`)
    REFERENCES `ndk16`.`customer` (`cus_id`)
    ON DELETE CASCADE
    ON UPDATE CASCADE)
ENGINE = InnoDB;

SHOW WARNINGS;

SET SQL_MODE=@OLD_SQL_MODE;
SET FOREIGN_KEY_CHECKS=@OLD_FOREIGN_KEY_CHECKS;
SET UNIQUE_CHECKS=@OLD_UNIQUE_CHECKS;

-- -----------------------------------------------------
-- Data for table `ndk16`.`petstore`
-- -----------------------------------------------------
START TRANSACTION;
USE `ndk16`;
INSERT INTO `ndk16`.`petstore` (`pst_id`, `pst_name`, `pst_street`, `pst_city`, `pst_state`, `pst_zip`, `pst_phone`, `pet_email`, `pst_url`, `pst_ytd_sales`, `pst_notes`) VALUES (1, 'Claws and paws', '123 Main St.', 'L.A', 'CA', 090195341, 8185551234, 'dawspaws@aol.com', 'http://www.clawspaws.com', 50000, 'notes1');
INSERT INTO `ndk16`.`petstore` (`pst_id`, `pst_name`, `pst_street`, `pst_city`, `pst_state`, `pst_zip`, `pst_phone`, `pet_email`, `pst_url`, `pst_ytd_sales`, `pst_notes`) VALUES (2, 'Furry Friends', '1435 Chess Dr.', 'Chicago', 'IL', 618959031, 8471234567, 'furryfriends@hotmail.com', 'http://www.furryfriends.com', 65000, 'notes2');
INSERT INTO `ndk16`.`petstore` (`pst_id`, `pst_name`, `pst_street`, `pst_city`, `pst_state`, `pst_zip`, `pst_phone`, `pet_email`, `pst_url`, `pst_ytd_sales`, `pst_notes`) VALUES (3, 'Pet Partners', '811 4th St.', 'NY', 'NY', 001256728, 2129876543, 'petpartners@yahoo.com', 'http://www.petpartners.com', 87000, 'notes3');
INSERT INTO `ndk16`.`petstore` (`pst_id`, `pst_name`, `pst_street`, `pst_city`, `pst_state`, `pst_zip`, `pst_phone`, `pet_email`, `pst_url`, `pst_ytd_sales`, `pst_notes`) VALUES (4, 'Pet Palace', '18903 Tennesse St.', 'Tallahassee', 'FL', 323044902, 8504445123, 'petpalace@gmail.com', 'http://www.petpalace.com', 34000, 'notes4');
INSERT INTO `ndk16`.`petstore` (`pst_id`, `pst_name`, `pst_street`, `pst_city`, `pst_state`, `pst_zip`, `pst_phone`, `pet_email`, `pst_url`, `pst_ytd_sales`, `pst_notes`) VALUES (5, 'Purrs and Grrs', '751 Lois Lane', 'Phoenix', 'AZ', 852122156, 4809130015, 'pusandgrrs@msn.com', 'http://www.purrsandgrrs.com', 97500, 'notes5');
INSERT INTO `ndk16`.`petstore` (`pst_id`, `pst_name`, `pst_street`, `pst_city`, `pst_state`, `pst_zip`, `pst_phone`, `pet_email`, `pst_url`, `pst_ytd_sales`, `pst_notes`) VALUES (6, 'Pet superstore', '86 Augusta St.', 'Woonsocket', 'RI', 028950050, 4524668759, 'psuperstore@aol.com', 'http://www.petsuperstore.com', 70000, 'notes6');
INSERT INTO `ndk16`.`petstore` (`pst_id`, `pst_name`, `pst_street`, `pst_city`, `pst_state`, `pst_zip`, `pst_phone`, `pet_email`, `pst_url`, `pst_ytd_sales`, `pst_notes`) VALUES (7, 'Pet market', '69 Brewery Stree', 'Danville', 'VA', 245404523, 5637537690, 'pmarket@gmail.com', 'http://www.petmarket.com', 78000, 'notes7');
INSERT INTO `ndk16`.`petstore` (`pst_id`, `pst_name`, `pst_street`, `pst_city`, `pst_state`, `pst_zip`, `pst_phone`, `pet_email`, `pst_url`, `pst_ytd_sales`, `pst_notes`) VALUES (8, 'Creature Castle', '81 W. Winchester Rd.', 'Tupelo', 'MS', 388014275, 2354657453, 'ccastle@yahoo.com', 'http://www.creaturecastle.com', 40000, 'notes8');
INSERT INTO `ndk16`.`petstore` (`pst_id`, `pst_name`, `pst_street`, `pst_city`, `pst_state`, `pst_zip`, `pst_phone`, `pet_email`, `pst_url`, `pst_ytd_sales`, `pst_notes`) VALUES (9, 'Pets R Us', '47 Silver Spear St.', 'Warner Robins', 'GA', 310889634, 4672357653, 'petsrus@yahoo.com', 'http://www.petsrus.com', 46800, 'notes9');
INSERT INTO `ndk16`.`petstore` (`pst_id`, `pst_name`, `pst_street`, `pst_city`, `pst_state`, `pst_zip`, `pst_phone`, `pet_email`, `pst_url`, `pst_ytd_sales`, `pst_notes`) VALUES (10, 'All about Pets', '9940 Sulphur Springs Dr.', 'Woburn', 'MA', 018010674, 4568753467, 'aap@aol.com', 'http://www.allaboutpets.com', 58000, 'notes10');

COMMIT;


-- -----------------------------------------------------
-- Data for table `ndk16`.`customer`
-- -----------------------------------------------------
START TRANSACTION;
USE `ndk16`;
INSERT INTO `ndk16`.`customer` (`cus_id`, `cus_fname`, `cus_lname`, `cus_street`, `cus_city`, `cus_state`, `cus_zip`, `cus_phone`, `cus_email`, `cus_balance`, `cus_total_sales`, `cus_notes`) VALUES (1, 'Billy', 'Bob', '502 Shady Dr.', 'Minneapolis', 'MN', 004011238, 6124567890, 'bbob@aol.com', 139.52, 987.61, 'notes1');
INSERT INTO `ndk16`.`customer` (`cus_id`, `cus_fname`, `cus_lname`, `cus_street`, `cus_city`, `cus_state`, `cus_zip`, `cus_phone`, `cus_email`, `cus_balance`, `cus_total_sales`, `cus_notes`) VALUES (2, 'Bobby', 'Sue', '19567 Rutherford Cir.', 'Charleston', 'WV', 058349012, 3016731278, 'sbobby@hotmail.com', 49.87, 1356.89, 'notes2');
INSERT INTO `ndk16`.`customer` (`cus_id`, `cus_fname`, `cus_lname`, `cus_street`, `cus_city`, `cus_state`, `cus_zip`, `cus_phone`, `cus_email`, `cus_balance`, `cus_total_sales`, `cus_notes`) VALUES (3, 'Stevie', 'Ray', '8624 Baldwin Dr.', 'Panama City Beach', 'FL', 324059134, 8509980123, 'sray@fsu.edu', 9.34, 567.63, 'notes3');
INSERT INTO `ndk16`.`customer` (`cus_id`, `cus_fname`, `cus_lname`, `cus_street`, `cus_city`, `cus_state`, `cus_zip`, `cus_phone`, `cus_email`, `cus_balance`, `cus_total_sales`, `cus_notes`) VALUES (4, 'Felicia', 'Fuller', '7831 Tempest Ln.', 'Sturgis', 'SD', 598431021, 5052875123, 'ffuller@msm.com', 0.0, 784.29, 'notes4');
INSERT INTO `ndk16`.`customer` (`cus_id`, `cus_fname`, `cus_lname`, `cus_street`, `cus_city`, `cus_state`, `cus_zip`, `cus_phone`, `cus_email`, `cus_balance`, `cus_total_sales`, `cus_notes`) VALUES (5, 'Victoria ', 'Valis', '63178 northshore Dr.', 'Laramie', 'WY', 000457612, 7071236547, 'vvalis@yahoo.com', 1189.32, 19456.78, 'notes5');
INSERT INTO `ndk16`.`customer` (`cus_id`, `cus_fname`, `cus_lname`, `cus_street`, `cus_city`, `cus_state`, `cus_zip`, `cus_phone`, `cus_email`, `cus_balance`, `cus_total_sales`, `cus_notes`) VALUES (6, 'Wyatt', 'Rogers', '7 Tarkiln Hill St.', 'Griffin', 'GA', 302233430, 3236534664, 'rogers11@aol.com', 56.34, 1104.32, 'notes6');
INSERT INTO `ndk16`.`customer` (`cus_id`, `cus_fname`, `cus_lname`, `cus_street`, `cus_city`, `cus_state`, `cus_zip`, `cus_phone`, `cus_email`, `cus_balance`, `cus_total_sales`, `cus_notes`) VALUES (7, 'Scott ', 'Jordan', '7374 Cedarwood Ave.', 'Grayslake', 'IL', 600309304, 4362354235, 'sjordan@yahoo.com', 34.54, 12543.42, 'notes7');
INSERT INTO `ndk16`.`customer` (`cus_id`, `cus_fname`, `cus_lname`, `cus_street`, `cus_city`, `cus_state`, `cus_zip`, `cus_phone`, `cus_email`, `cus_balance`, `cus_total_sales`, `cus_notes`) VALUES (8, 'Tom', 'Brady', '11 Devonshire Drive', 'Charleston', 'SC', 294063874, 5463245563, 'tbrady@gmail.com', 123.34, 503.43, 'notes8');
INSERT INTO `ndk16`.`customer` (`cus_id`, `cus_fname`, `cus_lname`, `cus_street`, `cus_city`, `cus_state`, `cus_zip`, `cus_phone`, `cus_email`, `cus_balance`, `cus_total_sales`, `cus_notes`) VALUES (9, 'Richard', 'Smith', '8 South Monroe Court', 'Thorton', 'CO', 802413022, 5463458765, 'rsmith@hotmail.com', 23.53, 6432.03, 'notes9');
INSERT INTO `ndk16`.`customer` (`cus_id`, `cus_fname`, `cus_lname`, `cus_street`, `cus_city`, `cus_state`, `cus_zip`, `cus_phone`, `cus_email`, `cus_balance`, `cus_total_sales`, `cus_notes`) VALUES (10, 'Aaron', 'Johnson', '7393 Mill Pond St.', 'Reidville', 'NC', 273200304, 5670978456, 'ajohnson@aol.com', 3.43, 300.43, 'notes10');

COMMIT;


-- -----------------------------------------------------
-- Data for table `ndk16`.`pet`
-- -----------------------------------------------------
START TRANSACTION;
USE `ndk16`;
INSERT INTO `ndk16`.`pet` (`pet_id`, `pst_id`, `cus_id`, `pet_type`, `pet_sex`, `pet_cost`, `pet_price`, `pet_age`, `pet_color`, `pet_sale_date`, `pet_vaccine`, `pet_neuter`, `pet_notes`) VALUES (DEFAULT, 3, 5, 'Doberman', 'f', 350, 525, 52, 'black', '2011-02-14', 'y', 'y', 'notes1');
INSERT INTO `ndk16`.`pet` (`pet_id`, `pst_id`, `cus_id`, `pet_type`, `pet_sex`, `pet_cost`, `pet_price`, `pet_age`, `pet_color`, `pet_sale_date`, `pet_vaccine`, `pet_neuter`, `pet_notes`) VALUES (DEFAULT, 5, 4, 'Chiwawa', 'f', 175, 165, 75, 'black/tan', '2009-07-05', 'n', 'n', 'notes2');
INSERT INTO `ndk16`.`pet` (`pet_id`, `pst_id`, `cus_id`, `pet_type`, `pet_sex`, `pet_cost`, `pet_price`, `pet_age`, `pet_color`, `pet_sale_date`, `pet_vaccine`, `pet_neuter`, `pet_notes`) VALUES (DEFAULT, 6, 3, 'American Bobtail', 'm', 195, 385, 10, 'white/brown', NULL, 'y', 'y', 'notes3');
INSERT INTO `ndk16`.`pet` (`pet_id`, `pst_id`, `cus_id`, `pet_type`, `pet_sex`, `pet_cost`, `pet_price`, `pet_age`, `pet_color`, `pet_sale_date`, `pet_vaccine`, `pet_neuter`, `pet_notes`) VALUES (DEFAULT, 3, 2, 'American Longhair', 'm', 165, 275, 15, 'black', '2011-12-24', 'n', 'n', 'notes4');
INSERT INTO `ndk16`.`pet` (`pet_id`, `pst_id`, `cus_id`, `pet_type`, `pet_sex`, `pet_cost`, `pet_price`, `pet_age`, `pet_color`, `pet_sale_date`, `pet_vaccine`, `pet_neuter`, `pet_notes`) VALUES (DEFAULT, 2, 1, 'British Shorthair', 'f', 155, 145, 20, 'white', '2005-08-01', 'y', 'n', 'notes5');
INSERT INTO `ndk16`.`pet` (`pet_id`, `pst_id`, `cus_id`, `pet_type`, `pet_sex`, `pet_cost`, `pet_price`, `pet_age`, `pet_color`, `pet_sale_date`, `pet_vaccine`, `pet_neuter`, `pet_notes`) VALUES (DEFAULT, 4, 7, 'German Shepherd', 'f', 150, 270, 2, 'black/tan', NULL, 'n', 'y', 'notes6');
INSERT INTO `ndk16`.`pet` (`pet_id`, `pst_id`, `cus_id`, `pet_type`, `pet_sex`, `pet_cost`, `pet_price`, `pet_age`, `pet_color`, `pet_sale_date`, `pet_vaccine`, `pet_neuter`, `pet_notes`) VALUES (DEFAULT, 6, 8, 'Austrailian Shepherd', 'm', 200, 180, 25, 'white/black', '2010-11-12', 'y', 'y', 'notes7');
INSERT INTO `ndk16`.`pet` (`pet_id`, `pst_id`, `cus_id`, `pet_type`, `pet_sex`, `pet_cost`, `pet_price`, `pet_age`, `pet_color`, `pet_sale_date`, `pet_vaccine`, `pet_neuter`, `pet_notes`) VALUES (DEFAULT, 7, 9, 'Pitbull', 'm', 300, 100, 8, 'grey', '2007-09-19', 'n', 'y', 'notes8');
INSERT INTO `ndk16`.`pet` (`pet_id`, `pst_id`, `cus_id`, `pet_type`, `pet_sex`, `pet_cost`, `pet_price`, `pet_age`, `pet_color`, `pet_sale_date`, `pet_vaccine`, `pet_neuter`, `pet_notes`) VALUES (DEFAULT, 5, 10, 'Giraffe', 'f', 1735, 2495, 80, 'yellow and black spots', '2001-05-27', 'y', 'n', 'notes9');
INSERT INTO `ndk16`.`pet` (`pet_id`, `pst_id`, `cus_id`, `pet_type`, `pet_sex`, `pet_cost`, `pet_price`, `pet_age`, `pet_color`, `pet_sale_date`, `pet_vaccine`, `pet_neuter`, `pet_notes`) VALUES (DEFAULT, 1, 6, 'African Grey Parrot', 'f', 1295, 1800, 20, 'grey/blue', '2006-10-31', 'y', 'n', 'notes10');

COMMIT;

